<?xml version="1.0" encoding="utf-8"?>
<!DOCTYPE article PUBLIC "-//NLM//DTD JATS (Z39.96) Journal Archiving
and Interchange DTD v1.2 20190208//EN" "JATS-archivearticle1.dtd">
<article xmlns:mml="http://www.w3.org/1998/Math/MathML" xmlns:xlink="http://www.w3.org/1999/xlink" dtd-version="1.2" article-type="other">
  <front>
    <journal-meta>
      <journal-id/>
      <journal-title-group>
        <journal-title>Earth and Space Science</journal-title>
      </journal-title-group>
      <issn/>
      <publisher>
        <publisher-name/>
      </publisher>
    </journal-meta>
    <article-meta>
      <title-group>
        <article-title>La Palma Earthquakes</article-title>
      </title-group>
      <contrib-group>
        <contrib contrib-type="author" corresp="yes">
          <contrib-id contrib-id-type="orcid">0000-0002-0760-5497</contrib-id>
          <name>
            <surname>Purves</surname>
            <given-names>Steve</given-names>
          </name>
          <string-name>Steve Purves</string-name>
          <email>steve@curvenote.com</email>
          <role vocab="https://credit.niso.org" vocab-term="investigation" vocab-term-identifier="https://credit.niso.org/contributor-roles/investigation/">Investigation</role>
          <role vocab="https://credit.niso.org" vocab-term="project administration" vocab-term-identifier="https://credit.niso.org/contributor-roles/project-administration/">Project
administration</role>
          <role vocab="https://credit.niso.org" vocab-term="software" vocab-term-identifier="https://credit.niso.org/contributor-roles/software/">Software</role>
          <role vocab="https://credit.niso.org" vocab-term="visualization" vocab-term-identifier="https://credit.niso.org/contributor-roles/visualization/">Visualization</role>
          <xref ref-type="aff" rid="aff-1">a</xref>
          <xref ref-type="corresp" rid="cor-1">*</xref>
        </contrib>
        <contrib contrib-type="author">
          <contrib-id contrib-id-type="orcid">0000-0002-7859-8394</contrib-id>
          <name>
            <surname>Cockett</surname>
            <given-names>Rowan</given-names>
          </name>
          <string-name>Rowan Cockett</string-name>
          <xref ref-type="aff" rid="aff-1">a</xref>
        </contrib>
      </contrib-group>
      <aff id="aff-1">
        <institution-wrap>
          <institution>Curvenote</institution>
        </institution-wrap>
      </aff>
      <author-notes>
        <corresp id="cor-1">steve@curvenote.com</corresp>
      </author-notes>
      <pub-date date-type="pub" publication-format="electronic" iso-8601-date="2026-01-16">
        <year>2026</year>
        <month>1</month>
        <day>16</day>
      </pub-date>
      <history/>
      <abstract>
        <p>In September 2021, a significant jump in seismic activity on the
island of La Palma (Canary Islands, Spain) signaled the start of a
volcanic crisis that still continues at the time of writing. Earthquake
data is continually collected and published by the Instituto Geográphico
Nacional (IGN). …</p>
      </abstract>
      <kwd-group kwd-group-type="author">
        <kwd>La Palma</kwd>
        <kwd>Earthquakes</kwd>
      </kwd-group>
    </article-meta>
  </front>
  <body>
    <sec id="introduction">
      <title>1 Introduction</title>
      <fig id="fig-timeline">
        <caption>
          <p>Figure 1: Timeline of recent earthquakes on La
    Palma</p>
        </caption>
        <graphic mimetype="image" mime-subtype="png" xlink:href="index_files/figure-jats/fig-timeline-1.png"/>
      </fig>
      <p>Based on data up to and including 1971, eruptions on La Palma
  happen every 79.8 years on average.</p>
      <p>Studies of the magma systems feeding the volcano, such as Marrero
  et al.
  (<xref alt="2019" rid="ref-marrero2019" ref-type="bibr">2019</xref>),
  have proposed that there are two main magma reservoirs feeding the
  Cumbre Vieja volcano; one in the mantle (30-40km depth) which charges
  and in turn feeds a shallower crustal reservoir (10-20km depth).</p>
      <p>Eight eruptions have been recorded since the late 1400s
  (<xref alt="Figure 1" rid="fig-timeline">Figure 1</xref>).</p>
      <p>Data and methods are discussed in
  <xref alt="Section 2" rid="sec-data-methods">Section 2</xref>.</p>
      <p>Let <inline-formula><alternatives><tex-math><![CDATA[x]]></tex-math><mml:math xmlns:mml="http://www.w3.org/1998/Math/MathML" display="inline"><mml:mi>x</mml:mi></mml:math></alternatives></inline-formula>
  denote the number of eruptions in a year. Then,
  <inline-formula><alternatives><tex-math><![CDATA[x]]></tex-math><mml:math xmlns:mml="http://www.w3.org/1998/Math/MathML" display="inline"><mml:mi>x</mml:mi></mml:math></alternatives></inline-formula>
  can be modeled by a Poisson distribution</p>
      <p>
        <styled-content id="eq-poisson">
          <disp-formula>
            <alternatives>
              <tex-math><![CDATA[
  p(x) = \frac{e^{-\lambda} \lambda^{x}}{x !}
   \qquad(1)]]></tex-math>
              <mml:math xmlns:mml="http://www.w3.org/1998/Math/MathML" display="block">
                <mml:mrow>
                  <mml:mi>p</mml:mi>
                  <mml:mrow>
                    <mml:mo stretchy="true" form="prefix">(</mml:mo>
                    <mml:mi>x</mml:mi>
                    <mml:mo stretchy="true" form="postfix">)</mml:mo>
                  </mml:mrow>
                  <mml:mo>=</mml:mo>
                  <mml:mfrac>
                    <mml:mrow>
                      <mml:msup>
                        <mml:mi>e</mml:mi>
                        <mml:mrow>
                          <mml:mi>−</mml:mi>
                          <mml:mi>λ</mml:mi>
                        </mml:mrow>
                      </mml:msup>
                      <mml:msup>
                        <mml:mi>λ</mml:mi>
                        <mml:mi>x</mml:mi>
                      </mml:msup>
                    </mml:mrow>
                    <mml:mrow>
                      <mml:mi>x</mml:mi>
                      <mml:mi>!</mml:mi>
                    </mml:mrow>
                  </mml:mfrac>
                  <mml:mspace width="2.0em"/>
                  <mml:mrow>
                    <mml:mo stretchy="true" form="prefix">(</mml:mo>
                    <mml:mn>1</mml:mn>
                    <mml:mo stretchy="true" form="postfix">)</mml:mo>
                  </mml:mrow>
                </mml:mrow>
              </mml:math>
            </alternatives>
          </disp-formula>
        </styled-content>
      </p>
      <p>where <inline-formula><alternatives><tex-math><![CDATA[\lambda]]></tex-math><mml:math xmlns:mml="http://www.w3.org/1998/Math/MathML" display="inline"><mml:mi>λ</mml:mi></mml:math></alternatives></inline-formula>
  is the rate of eruptions per year. Using
  <xref alt="Equation 1" rid="eq-poisson">Equation 1</xref>, the
  probability of an eruption in the next <inline-formula><alternatives><tex-math><![CDATA[t]]></tex-math><mml:math xmlns:mml="http://www.w3.org/1998/Math/MathML" display="inline"><mml:mi>t</mml:mi></mml:math></alternatives></inline-formula>
  years can be calculated.</p>
      <fig id="tbl-history">
        <caption>
          <p>Table 1: Recent historic eruptions on La
    Palma</p>
        </caption>
        <table-wrap>
          <table>
            <thead>
              <tr>
                <th>Name</th>
                <th>Year</th>
              </tr>
            </thead>
            <tbody>
              <tr>
                <td>Current</td>
                <td>2021</td>
              </tr>
              <tr>
                <td>Teneguía</td>
                <td>1971</td>
              </tr>
              <tr>
                <td>Nambroque</td>
                <td>1949</td>
              </tr>
              <tr>
                <td>El Charco</td>
                <td>1712</td>
              </tr>
              <tr>
                <td>Volcán San Antonio</td>
                <td>1677</td>
              </tr>
              <tr>
                <td>Volcán San Martin</td>
                <td>1646</td>
              </tr>
              <tr>
                <td>Tajuya near El Paso</td>
                <td>1585</td>
              </tr>
              <tr>
                <td>Montaña Quemada</td>
                <td>1492</td>
              </tr>
            </tbody>
          </table>
        </table-wrap>
      </fig>
      <p><xref alt="Table 1" rid="tbl-history">Table 1</xref> summarises the
  eruptions recorded since the colonization of the islands by Europeans
  in the late 1400s.</p>
      <fig id="fig-map">
        <caption>
          <p>Figure 2: Map of La Palma</p>
        </caption>
        <graphic mimetype="image" mime-subtype="png" xlink:href="images/la-palma-map.png"/>
      </fig>
      <p>La Palma is one of the west most islands in the Volcanic
  Archipelago of the Canary Islands
  (<xref alt="Figure 2" rid="fig-map">Figure 2</xref>).</p>
      <fig id="fig-spatial-plot">
        <caption>
          <p>Figure 3: Locations of earthquakes on La Palma since
    2017</p>
        </caption>
        <graphic mimetype="image" mime-subtype="png" xlink:href="index_files/figure-jats/notebooks-explore-earthquakes-fig-spatial-plot-output-1.png"/>
      </fig>
      <p><xref alt="Figure 3" rid="fig-spatial-plot">Figure 3</xref> shows
  the location of recent Earthquakes on La Palma.</p>
    </sec>
    <sec id="sec-data-methods">
      <title>2 Data &amp; Methods</title>
    </sec>
    <sec id="conclusion">
      <title>3 Conclusion</title>
    </sec>
  </body>
  <back>
    <ref-list>
      <title>References</title>
      <ref id="ref-marrero2019">
        <element-citation publication-type="article-journal">
          <person-group person-group-type="author">
            <name>
              <surname>Marrero</surname>
              <given-names>José</given-names>
            </name>
            <name>
              <surname>García</surname>
              <given-names>Alicia</given-names>
            </name>
            <name>
              <surname>Berrocoso</surname>
              <given-names>Manuel</given-names>
            </name>
            <name>
              <surname>Llinares</surname>
              <given-names>Ángeles</given-names>
            </name>
            <name>
              <surname>Rodríguez-Losada</surname>
              <given-names>Antonio</given-names>
            </name>
            <name>
              <surname>Ortiz</surname>
              <given-names>R.</given-names>
            </name>
          </person-group>
          <article-title>Strategies for the development of volcanic hazard maps in monogenetic volcanic fields: The example of La Palma (Canary Islands)</article-title>
          <source>Journal of Applied Volcanology</source>
          <year iso-8601-date="2019-07">2019</year>
          <month>07</month>
          <volume>8</volume>
          <pub-id pub-id-type="doi">10.1186/s13617-019-0085-5</pub-id>
          <fpage/>
          <lpage/>
        </element-citation>
      </ref>
    </ref-list>
  </back>
  <sub-article article-type="notebook" id="nb-8-nb-article">
    <front-stub>
      <title-group>
        <article-title>La Palma Earthquakes</article-title>
      </title-group>
      <contrib-group>
        <contrib contrib-type="author" corresp="yes">
          <contrib-id contrib-id-type="orcid">0000-0002-0760-5497</contrib-id>
          <name>
            <surname>Purves</surname>
            <given-names>Steve</given-names>
          </name>
          <string-name>Steve Purves</string-name>
          <email>steve@curvenote.com</email>
          <role vocab="https://credit.niso.org" vocab-term="investigation" vocab-term-identifier="https://credit.niso.org/contributor-roles/investigation/">Investigation</role>
          <role vocab="https://credit.niso.org" vocab-term="project administration" vocab-term-identifier="https://credit.niso.org/contributor-roles/project-administration/">Project
administration</role>
          <role vocab="https://credit.niso.org" vocab-term="software" vocab-term-identifier="https://credit.niso.org/contributor-roles/software/">Software</role>
          <role vocab="https://credit.niso.org" vocab-term="visualization" vocab-term-identifier="https://credit.niso.org/contributor-roles/visualization/">Visualization</role>
          <xref ref-type="aff" rid="aff-1-nb-article">a</xref>
          <xref ref-type="corresp" rid="cor-1-nb-article">*</xref>
        </contrib>
        <contrib contrib-type="author">
          <contrib-id contrib-id-type="orcid">0000-0002-7859-8394</contrib-id>
          <name>
            <surname>Cockett</surname>
            <given-names>Rowan</given-names>
          </name>
          <string-name>Rowan Cockett</string-name>
          <xref ref-type="aff" rid="aff-1-nb-article">a</xref>
        </contrib>
      </contrib-group>
      <aff id="aff-1-nb-article">
        <institution-wrap>
          <institution>Curvenote</institution>
        </institution-wrap>
      </aff>
      <author-notes>
        <corresp id="cor-1-nb-article">steve@curvenote.com</corresp>
      </author-notes>
      <abstract>
        <p>In September 2021, a significant jump in seismic activity on the
island of La Palma (Canary Islands, Spain) signaled the start of a
volcanic crisis that still continues at the time of writing. Earthquake
data is continually collected and published by the Instituto Geográphico
Nacional (IGN). …</p>
      </abstract>
    </front-stub>
    <body>
      <sec id="introduction-nb-article">
        <title>1 Introduction</title>
        <sec specific-use="notebook-content">
          <code language="r script">eruptions &lt;- c(1492, 1585, 1646, 1677, 1712, 1949, 1971, 2021)
n_eruptions &lt;- length(eruptions)</code>
        </sec>
        <sec id="cell-fig-timeline-nb-article" specific-use="notebook-content">
          <code language="r script">par(mar = c(3, 1, 1, 1) + 0.1)
plot(eruptions, rep(0, n_eruptions), 
  pch = "|", axes = FALSE)
axis(1)
box()</code>
          <fig id="fig-timeline-nb-article">
            <caption>
              <p>Figure 1: Timeline of recent earthquakes on La
    Palma</p>
            </caption>
            <graphic mimetype="image" mime-subtype="png" xlink:href="index_files/figure-jats/fig-timeline-1.png"/>
          </fig>
        </sec>
        <sec specific-use="notebook-content">
          <code language="r script">avg_years_between_eruptions &lt;- mean(diff(eruptions[-n_eruptions]))
avg_years_between_eruptions</code>
          <boxed-text>
            <preformat>[1] 79.83333</preformat>
          </boxed-text>
        </sec>
        <p>Based on data up to and including 1971, eruptions on La Palma
  happen every 79.8 years on average.</p>
        <p>Studies of the magma systems feeding the volcano, such as Marrero
  et al.
  (<xref alt="2019" rid="ref-marrero2019-nb-article" ref-type="bibr">2019</xref>),
  have proposed that there are two main magma reservoirs feeding the
  Cumbre Vieja volcano; one in the mantle (30-40km depth) which charges
  and in turn feeds a shallower crustal reservoir (10-20km depth).</p>
        <p>Eight eruptions have been recorded since the late 1400s
  (<xref alt="Figure 1" rid="fig-timeline-nb-article">Figure 1</xref>).</p>
        <p>Data and methods are discussed in
  <xref alt="Section 2" rid="sec-data-methods-nb-article">Section 2</xref>.</p>
        <p>Let <inline-formula><alternatives><tex-math><![CDATA[x]]></tex-math><mml:math xmlns:mml="http://www.w3.org/1998/Math/MathML" display="inline"><mml:mi>x</mml:mi></mml:math></alternatives></inline-formula>
  denote the number of eruptions in a year. Then,
  <inline-formula><alternatives><tex-math><![CDATA[x]]></tex-math><mml:math xmlns:mml="http://www.w3.org/1998/Math/MathML" display="inline"><mml:mi>x</mml:mi></mml:math></alternatives></inline-formula>
  can be modeled by a Poisson distribution</p>
        <p>
          <styled-content id="eq-poisson-nb-article">
            <disp-formula>
              <alternatives>
                <tex-math><![CDATA[
  p(x) = \frac{e^{-\lambda} \lambda^{x}}{x !}
   \qquad(1)]]></tex-math>
                <mml:math xmlns:mml="http://www.w3.org/1998/Math/MathML" display="block">
                  <mml:mrow>
                    <mml:mi>p</mml:mi>
                    <mml:mrow>
                      <mml:mo stretchy="true" form="prefix">(</mml:mo>
                      <mml:mi>x</mml:mi>
                      <mml:mo stretchy="true" form="postfix">)</mml:mo>
                    </mml:mrow>
                    <mml:mo>=</mml:mo>
                    <mml:mfrac>
                      <mml:mrow>
                        <mml:msup>
                          <mml:mi>e</mml:mi>
                          <mml:mrow>
                            <mml:mi>−</mml:mi>
                            <mml:mi>λ</mml:mi>
                          </mml:mrow>
                        </mml:msup>
                        <mml:msup>
                          <mml:mi>λ</mml:mi>
                          <mml:mi>x</mml:mi>
                        </mml:msup>
                      </mml:mrow>
                      <mml:mrow>
                        <mml:mi>x</mml:mi>
                        <mml:mi>!</mml:mi>
                      </mml:mrow>
                    </mml:mfrac>
                    <mml:mspace width="2.0em"/>
                    <mml:mrow>
                      <mml:mo stretchy="true" form="prefix">(</mml:mo>
                      <mml:mn>1</mml:mn>
                      <mml:mo stretchy="true" form="postfix">)</mml:mo>
                    </mml:mrow>
                  </mml:mrow>
                </mml:math>
              </alternatives>
            </disp-formula>
          </styled-content>
        </p>
        <p>where <inline-formula><alternatives><tex-math><![CDATA[\lambda]]></tex-math><mml:math xmlns:mml="http://www.w3.org/1998/Math/MathML" display="inline"><mml:mi>λ</mml:mi></mml:math></alternatives></inline-formula>
  is the rate of eruptions per year. Using
  <xref alt="Equation 1" rid="eq-poisson-nb-article">Equation 1</xref>, the
  probability of an eruption in the next <inline-formula><alternatives><tex-math><![CDATA[t]]></tex-math><mml:math xmlns:mml="http://www.w3.org/1998/Math/MathML" display="inline"><mml:mi>t</mml:mi></mml:math></alternatives></inline-formula>
  years can be calculated.</p>
        <fig id="tbl-history-nb-article">
          <caption>
            <p>Table 1: Recent historic eruptions on La
    Palma</p>
          </caption>
          <table-wrap>
            <table>
              <thead>
                <tr>
                  <th>Name</th>
                  <th>Year</th>
                </tr>
              </thead>
              <tbody>
                <tr>
                  <td>Current</td>
                  <td>2021</td>
                </tr>
                <tr>
                  <td>Teneguía</td>
                  <td>1971</td>
                </tr>
                <tr>
                  <td>Nambroque</td>
                  <td>1949</td>
                </tr>
                <tr>
                  <td>El Charco</td>
                  <td>1712</td>
                </tr>
                <tr>
                  <td>Volcán San Antonio</td>
                  <td>1677</td>
                </tr>
                <tr>
                  <td>Volcán San Martin</td>
                  <td>1646</td>
                </tr>
                <tr>
                  <td>Tajuya near El Paso</td>
                  <td>1585</td>
                </tr>
                <tr>
                  <td>Montaña Quemada</td>
                  <td>1492</td>
                </tr>
              </tbody>
            </table>
          </table-wrap>
        </fig>
        <p><xref alt="Table 1" rid="tbl-history-nb-article">Table 1</xref> summarises the
  eruptions recorded since the colonization of the islands by Europeans
  in the late 1400s.</p>
        <fig id="fig-map-nb-article">
          <caption>
            <p>Figure 2: Map of La Palma</p>
          </caption>
          <graphic mimetype="image" mime-subtype="png" xlink:href="images/la-palma-map.png"/>
        </fig>
        <p>La Palma is one of the west most islands in the Volcanic
  Archipelago of the Canary Islands
  (<xref alt="Figure 2" rid="fig-map-nb-article">Figure 2</xref>).</p>
        <sec id="cell-fig-spatial-plot-nb-article" specific-use="notebook-content">
          <code language="python">la_palma |&gt; 
  ggplot(aes(Longitude, Latitude)) +
  geom_point(aes(color = Magnitude, size = 40-`Depth(km)`)) +
  scale_color_viridis_c(direction = -1) + 
  scale_size(range = c(0.5, 2), guide = "none") +
  theme_bw()</code>
          <boxed-text>
            <fig id="fig-spatial-plot-nb-article">
              <caption>
                <p>Figure 3: Locations of earthquakes on La Palma since
      2017</p>
              </caption>
              <graphic mimetype="image" mime-subtype="png" xlink:href="index_files/figure-jats/notebooks-explore-earthquakes-fig-spatial-plot-output-1.png"/>
            </fig>
          </boxed-text>
        </sec>
        <p><xref alt="Figure 3" rid="fig-spatial-plot-nb-article">Figure 3</xref> shows
  the location of recent Earthquakes on La Palma.</p>
      </sec>
      <sec id="sec-data-methods-nb-article">
        <title>2 Data &amp; Methods</title>
      </sec>
      <sec id="conclusion-nb-article">
        <title>3 Conclusion</title>
      </sec>
    </body>
    <back>
      <ref-list>
        <title>References</title>
        <ref id="ref-marrero2019-nb-article">
          <element-citation publication-type="article-journal">
            <person-group person-group-type="author">
              <name>
                <surname>Marrero</surname>
                <given-names>José</given-names>
              </name>
              <name>
                <surname>García</surname>
                <given-names>Alicia</given-names>
              </name>
              <name>
                <surname>Berrocoso</surname>
                <given-names>Manuel</given-names>
              </name>
              <name>
                <surname>Llinares</surname>
                <given-names>Ángeles</given-names>
              </name>
              <name>
                <surname>Rodríguez-Losada</surname>
                <given-names>Antonio</given-names>
              </name>
              <name>
                <surname>Ortiz</surname>
                <given-names>R.</given-names>
              </name>
            </person-group>
            <article-title>Strategies for the development of volcanic hazard maps in monogenetic volcanic fields: The example of La Palma (Canary Islands)</article-title>
            <source>Journal of Applied Volcanology</source>
            <year iso-8601-date="2019-07">2019</year>
            <month>07</month>
            <volume>8</volume>
            <pub-id pub-id-type="doi">10.1186/s13617-019-0085-5</pub-id>
            <fpage/>
            <lpage/>
          </element-citation>
        </ref>
      </ref-list>
    </back>
  </sub-article>
  <sub-article article-type="notebook" id="nb-4-nb-1">
    <front-stub>
      <title-group>
        <article-title>Explore Earthquakes</article-title>
      </title-group>
      <contrib-group>
        <contrib contrib-type="author">
          <name>
            <surname>Wickham</surname>
            <given-names>Charlotte</given-names>
          </name>
          <string-name>Charlotte Wickham</string-name>
        </contrib>
      </contrib-group>
    </front-stub>
    <body>
      <sec specific-use="notebook-content">
        <code language="r script">library(tidyverse)
</code>
        <boxed-text>
          <preformat>── Attaching core tidyverse packages ──────────────────────── tidyverse 2.0.0 ──
✔ dplyr     1.1.4     ✔ readr     2.1.5
✔ forcats   1.0.0     ✔ stringr   1.5.1
✔ ggplot2   3.5.0     ✔ tibble    3.2.1
✔ lubridate 1.9.3     ✔ tidyr     1.3.1
✔ purrr     1.0.2     
── Conflicts ────────────────────────────────────────── tidyverse_conflicts() ──
✖ dplyr::filter() masks stats::filter()
✖ dplyr::lag()    masks stats::lag()
ℹ Use the conflicted package (&lt;http://conflicted.r-lib.org/&gt;) to force all conflicts to become errors</preformat>
        </boxed-text>
      </sec>
      <p>Read a clean version of data:</p>
      <sec specific-use="notebook-content">
        <code language="r script">la_palma &lt;- read_csv("la-palma.csv")
</code>
        <boxed-text>
          <preformat>Rows: 11347 Columns: 5
── Column specification ────────────────────────────────────────────────────────
Delimiter: ","
dbl  (4): Longitude, Latitude, Depth(km), Magnitude
dttm (1): DateTime

ℹ Use `spec()` to retrieve the full column specification for this data.
ℹ Specify the column types or set `show_col_types = FALSE` to quiet this message.</preformat>
        </boxed-text>
      </sec>
      <p>Create spatial plot:</p>
      <sec id="cell-fig-spatial-plot-nb-1" specific-use="notebook-content">
        <code language="r script">#|   against longitude."
la_palma |&gt; 
  ggplot(aes(Longitude, Latitude)) +
  geom_point(aes(color = Magnitude, size = 40-`Depth(km)`)) +
  scale_color_viridis_c(direction = -1) + 
  scale_size(range = c(0.5, 2), guide = "none") +
  theme_bw()
</code>
        <fig id="fig-spatial-plot-nb-1">
          <caption>
            <p>Locations of earthquakes on La Palma since
  2017</p>
          </caption>
          <graphic mimetype="image" mime-subtype="png" xlink:href="explore-earthquakes_files/figure-jats/fig-spatial-plot-1.png"/>
        </fig>
      </sec>
    </body>
    <back>
</back>
  </sub-article>
</article>
